סמל יישוב,שם יישוב,סך הכל,0,1,2,3,4,5,6,7,8,9,10,11,12,13,14,15,16,17,18,19,20,21,22,23,24,25,26,27,28,29,30,31,32,33,34,35,36,37,38,39,40,41,42,43,44,45,46,47,48,49,50,51,52,53,54,55,56,57,58,59,60,61,62,63,64,65,66,67,68,69,70,71,72,73,74,+75
2710,אום אל-פחם,"56,109","1,093","1,177","1,166","1,081","1,123","1,068","1,062","1,151","1,141","1,164","1,170","1,208","1,187","1,188","1,202","1,156","1,225","1,375","1,343","1,268","1,231","1,233","1,116","1,047","1,017",981,962,892,893,835,809,676,663,614,657,684,614,610,625,625,660,714,685,722,690,683,731,655,629,598,578,559,559,584,551,551,493,412,394,367,337,336,260,274,286,231,240,183,190,167,111,112,125,121,130,856
31,אופקים,"30,662",902,866,880,801,730,722,697,641,610,589,511,543,487,475,433,451,430,402,395,444,467,460,465,536,504,506,563,544,538,487,507,486,476,469,453,424,387,348,324,308,286,291,278,248,306,266,288,257,305,254,268,270,273,255,240,283,254,275,269,277,254,262,226,253,197,218,218,194,164,177,176,141,160,128,110,"1,078"
2400,אור יהודה,"36,813",682,656,669,670,684,605,579,585,581,577,564,497,545,477,502,543,514,481,550,510,550,572,497,513,467,536,535,525,519,474,490,522,515,484,502,533,548,548,513,525,496,430,447,476,415,413,456,389,441,401,389,368,351,388,386,383,377,426,391,406,410,384,384,383,364,353,364,363,366,346,288,262,281,207,191,"1,797"
1020,אור עקיבא,"18,972",357,360,367,359,347,369,314,312,314,272,284,277,258,251,240,193,234,244,208,222,236,259,225,239,235,247,271,247,255,272,287,259,281,281,299,277,276,270,248,274,251,238,234,224,232,218,222,206,205,178,194,190,166,176,194,181,211,205,239,223,224,254,229,207,210,195,181,186,186,156,167,156,146,132,89,"1,054"
2600,אילת,"52,299",774,753,797,779,769,801,789,797,732,769,745,726,687,610,686,678,642,639,701,712,708,810,827,875,871,895,832,794,784,843,876,819,807,818,771,806,764,752,733,709,742,715,758,744,749,747,701,683,746,734,694,654,657,654,663,622,574,567,562,612,553,517,502,488,500,443,461,397,398,432,367,325,322,330,227,"1,784"
1309,אלעד,"48,763","1,431","1,418","1,479","1,466","1,478","1,572","1,583","1,623","1,623","1,663","1,663","1,649","1,642","1,634","1,554","1,456","1,348","1,273","1,246","1,134",966,851,626,500,439,396,450,427,434,425,432,431,443,492,488,544,613,675,708,734,707,676,629,548,535,415,364,352,305,264,254,218,200,186,160,151,141,137,133,132,101,94,87,76,68,79,70,71,85,66,52,47,50,40,36,220
3570,אריאל,"20,540",311,315,288,347,323,317,304,293,307,262,295,281,255,242,216,200,211,190,168,281,378,456,545,646,639,570,416,408,341,284,309,272,280,277,266,259,237,255,256,205,243,209,214,226,217,212,210,214,188,215,207,212,197,217,198,212,236,214,230,241,221,235,209,202,196,167,180,158,160,143,157,182,158,128,89,936
70,אשדוד,"225,939","4,251","4,397","4,188","4,298","4,218","4,172","4,239","4,089","3,989","3,887","3,859","3,625","3,607","3,548","3,490","3,474","3,531","3,344","3,324","3,289","3,345","3,404","3,234","3,098","3,095","2,853","2,817","2,712","2,646","2,612","2,658","2,631","2,576","2,631","2,600","2,575","2,607","2,626","2,516","2,509","2,495","2,541","2,595","2,682","2,736","2,631","2,598","2,551","2,619","2,531","2,390","2,421","2,227","2,341","2,223","2,295","2,305","2,238","2,245","2,320","2,269","2,202","2,109","2,141","2,163","2,127","1,995","1,992","2,062","1,916","2,035","1,971","1,987","1,810","1,327","14,284"
7100,אשקלון,"144,073","2,528","2,709","2,751","2,788","2,626","2,578","2,469","2,449","2,245","2,270","2,197","2,118","1,911","1,871","1,856","1,716","1,786","1,691","1,744","1,785","1,749","1,853","1,853","1,845","1,859","1,796","1,864","1,881","1,918","1,856","1,931","2,099","2,018","2,114","2,013","2,053","2,086","1,984","1,947","1,812","1,756","1,613","1,666","1,689","1,743","1,633","1,541","1,558","1,575","1,517","1,482","1,512","1,419","1,469","1,480","1,389","1,510","1,525","1,550","1,625","1,590","1,566","1,544","1,609","1,552","1,575","1,443","1,482","1,339","1,347","1,224","1,304","1,387","1,222",878,"9,144"
6000,באקה אל-גרביה,"29,950",577,516,606,579,590,560,595,612,610,622,586,604,592,635,624,656,706,665,671,656,591,596,542,540,501,464,497,491,446,459,419,413,413,403,355,377,359,357,375,368,367,366,369,403,376,364,348,328,331,320,304,278,294,286,274,281,253,229,220,237,200,184,185,151,156,163,144,126,106,97,78,79,89,93,82,560
9000,באר שבע,"209,687","3,480","3,580","3,597","3,658","3,675","3,411","3,417","3,264","3,103","3,014","3,000","2,927","2,872","2,768","2,635","2,613","2,797","2,560","2,478","2,688","2,961","2,996","2,978","2,924","3,054","2,959","3,147","3,030","2,911","3,023","3,015","2,988","2,992","3,074","2,956","2,899","2,905","2,665","2,550","2,568","2,451","2,272","2,376","2,447","2,351","2,313","2,224","2,217","2,315","2,203","2,117","2,179","2,078","2,188","2,081","2,113","2,118","2,205","2,366","2,445","2,377","2,285","2,392","2,369","2,202","2,243","2,186","2,146","2,022","2,107","1,794","1,806","1,987","1,675","1,245","13,659"
9200,בית שאן,"18,464",403,377,354,341,304,341,309,312,321,293,296,345,285,280,303,303,276,268,277,297,288,300,269,269,241,276,315,303,316,319,287,245,249,212,212,222,218,221,193,209,216,210,210,201,185,209,189,174,199,187,196,178,222,168,219,194,200,191,201,226,199,212,199,195,198,198,188,161,154,150,107,111,105,77,70,719
2610,בית שמש,"124,957","4,353","4,465","4,329","4,341","4,240","4,063","4,011","3,907","3,704","3,739","3,413","3,330","3,277","3,003","2,992","2,779","2,696","2,362","1,989","1,931","1,777","1,870","1,771","1,792","1,747","1,867","1,791","1,749","1,783","1,694","1,709","1,550","1,505","1,505","1,496","1,477","1,420","1,350","1,275","1,211","1,208","1,137","1,111","1,102","1,051","1,023",926,937,876,794,797,766,673,685,626,608,543,591,546,541,501,463,467,425,381,404,349,353,320,323,305,255,295,253,193,"1,866"
3780,ביתר עילית,"59,270","2,424","2,432","2,298","2,377","2,309","2,191","2,188","2,161","2,101","2,062","2,023","1,895","1,866","1,797","1,660","1,431","1,374","1,232","1,059",938,972,986,959,935,792,719,695,648,666,666,649,641,642,670,645,659,638,586,588,526,548,526,526,517,454,405,398,357,356,267,285,219,190,200,154,174,152,139,126,119,105,96,81,75,64,66,59,55,46,38,37,48,43,38,26,183
6100,בני ברק,"204,639","7,638","7,270","6,904","6,655","6,234","6,166","5,834","5,674","5,201","5,151","4,984","4,557","4,315","4,227","4,222","4,457","4,390","4,261","4,210","4,131","3,878","3,554","3,483","3,403","3,132","3,192","3,164","3,019","2,833","2,793","2,724","2,676","2,601","2,467","2,456","2,325","2,239","2,092","2,035","1,917","1,814","1,410","1,395","1,371","1,312","1,277","1,279","1,250","1,249","1,105","1,102","1,018",960,"1,084","1,037",946,971,954,905,"1,027",927,978,937,985,980,955,863,"1,008",957,931,894,859,902,635,530,"5,371"
6200,בת ים,"129,013","1,565","1,786","1,679","1,685","1,676","1,782","1,572","1,606","1,486","1,509","1,464","1,404","1,380","1,357","1,300","1,324","1,265","1,244","1,271","1,258","1,275","1,361","1,300","1,264","1,433","1,361","1,308","1,467","1,449","1,440","1,533","1,775","1,704","1,793","1,749","1,820","1,980","1,744","1,835","1,892","1,851","1,591","1,734","1,781","1,676","1,649","1,672","1,646","1,724","1,614","1,520","1,480","1,341","1,406","1,373","1,370","1,344","1,419","1,538","1,562","1,491","1,527","1,470","1,540","1,613","1,644","1,669","1,699","1,707","1,756","1,613","1,641","1,786","1,632","1,215","12,625"
681,גבעת שמואל,"26,578",524,490,509,538,516,580,524,484,550,569,523,530,540,489,486,454,462,392,373,288,291,362,368,373,322,383,344,373,329,352,285,302,269,301,283,328,356,405,345,354,347,348,366,377,383,381,334,347,348,288,294,248,240,235,234,223,189,182,192,181,183,212,192,198,175,196,223,210,206,194,191,198,217,203,146,"1,348"
6300,גבעתיים,"60,644","1,033","1,003","1,081",953,945,951,869,856,794,815,795,722,699,678,619,603,580,562,543,543,524,526,551,531,525,651,698,805,943,"1,022","1,013","1,182","1,162","1,200","1,146","1,133","1,190","1,094","1,020","1,108","1,139",907,944,896,873,905,867,848,815,777,652,631,534,590,605,505,535,462,513,477,509,480,538,483,513,460,540,500,510,488,492,461,585,544,426,"4,968"
2200,דימונה,"34,500",602,602,605,588,589,546,578,567,505,546,558,510,498,482,485,553,571,550,556,496,507,523,548,551,493,521,501,521,508,479,468,450,455,442,459,437,449,422,425,401,373,377,409,429,387,412,421,375,406,405,388,430,391,396,383,342,376,383,335,364,382,352,352,330,345,319,306,330,265,306,266,252,260,244,181,"1,681"
9700,הוד השרון,"63,175",904,"1,008","1,078","1,104","1,083","1,114","1,162","1,117","1,088","1,145","1,134","1,093","1,044","1,065",983,980,981,884,790,825,854,759,821,752,643,664,620,597,549,556,564,595,623,706,743,751,820,807,810,911,866,881,998,"1,063","1,126","1,041",974,929,944,907,849,811,691,672,722,654,666,641,572,630,640,577,564,623,623,604,624,626,578,634,573,541,560,538,370,"3,138"
6400,הרצלייה,"97,470","1,298","1,402","1,369","1,477","1,448","1,462","1,405","1,417","1,384","1,374","1,403","1,286","1,279","1,207","1,155","1,232","1,134","1,086","1,052","1,082","1,023","1,106","1,130","1,111","1,093","1,121","1,111","1,025","1,114","1,155","1,122","1,237","1,203","1,319","1,379","1,327","1,426","1,442","1,446","1,462","1,578","1,321","1,346","1,395","1,351","1,352","1,346","1,252","1,336","1,252","1,089","1,052",950,963,984,895,875,842,949,"1,022",956,988,"1,003","1,053","1,082","1,099","1,148","1,193","1,275","1,174","1,090","1,040","1,285","1,143",908,"7,580"
6500,חדרה,"97,335","1,673","1,669","1,715","1,757","1,711","1,626","1,551","1,602","1,515","1,476","1,450","1,395","1,372","1,262","1,260","1,256","1,278","1,211","1,173","1,295","1,251","1,274","1,278","1,151","1,145","1,185","1,231","1,278","1,257","1,234","1,176","1,393","1,348","1,372","1,329","1,351","1,447","1,410","1,331","1,304","1,260","1,234","1,217","1,306","1,237","1,203","1,127","1,168","1,116","1,133","1,105","1,058",925,"1,014",990,"1,001",959,998,"1,009","1,026","1,061","1,004","1,013","1,039","1,083","1,003",979,"1,059","1,040",971,899,831,941,854,608,"5,870"
6600,חולון,"196,282","2,881","3,027","3,075","3,175","3,185","3,132","2,875","3,123","3,034","3,055","2,928","2,860","2,658","2,692","2,500","2,462","2,540","2,361","2,346","2,401","2,295","2,326","2,257","2,236","2,156","2,284","2,124","2,140","2,102","2,198","2,219","2,459","2,585","2,551","2,590","2,825","2,674","2,909","2,993","3,031","3,076","2,681","2,817","2,861","2,727","2,650","2,621","2,610","2,476","2,342","2,300","2,063","1,807","1,955","1,983","2,006","1,890","1,938","1,918","1,943","1,961","1,879","1,937","1,998","2,028","2,037","2,135","2,172","2,100","2,121","1,980","1,933","2,072","1,948","1,498","14,554"
4000,חיפה,"285,316","3,870","4,257","4,116","4,066","4,157","4,098","4,035","4,000","3,812","3,619","3,620","3,508","3,429","3,401","3,209","3,063","3,167","3,119","3,292","3,285","3,705","3,832","3,751","3,549","3,741","3,802","3,797","3,696","3,838","3,939","3,934","3,997","3,862","3,800","3,932","3,636","3,687","3,650","3,559","3,635","3,432","3,460","3,432","3,445","3,389","3,442","3,179","3,318","3,312","3,159","3,055","2,962","2,910","2,952","2,867","2,874","2,902","2,895","2,946","2,990","2,955","3,125","3,060","3,054","3,185","3,071","3,152","3,300","3,373","3,328","3,240","3,264","3,669","3,272","2,381","26,507"
6700,טבריה,"44,779",952,"1,059","1,008",911,886,800,763,740,773,700,687,722,622,661,608,671,719,687,639,585,638,578,665,665,681,706,701,760,736,656,651,561,536,524,472,456,490,496,473,474,392,437,491,493,530,432,445,467,451,451,429,462,429,425,474,435,430,474,479,505,509,503,497,457,481,456,463,463,444,361,363,324,365,296,235,"2,318"
2730,טייבה,"43,957",810,867,893,850,860,849,823,817,845,923,886,965,988,906,956,978,969,939,964,918,845,867,823,778,696,732,677,690,703,658,651,546,566,531,532,507,479,473,468,482,520,521,547,506,564,489,529,537,516,513,459,455,409,468,461,459,409,370,383,373,292,256,238,245,257,205,223,175,170,169,101,122,149,121,136,900
2720,טירה,"26,552",466,469,500,517,483,501,446,458,470,456,441,460,436,469,472,495,519,526,520,496,476,512,454,478,445,504,479,466,443,457,454,390,360,364,361,338,332,328,310,302,328,335,342,318,336,284,328,295,307,313,281,270,299,296,275,274,228,253,290,246,229,202,186,186,182,168,152,142,131,113,71,94,93,116,110,633
2100,טירת כרמל,"23,112",425,444,475,469,423,402,356,374,321,325,305,296,277,240,280,241,299,224,257,240,275,250,267,311,264,279,314,298,328,347,353,381,383,375,386,396,382,365,353,335,339,266,295,291,276,240,245,223,247,244,230,240,185,218,236,242,240,240,255,272,279,273,273,277,289,254,252,255,240,236,190,180,219,154,120,"1,282"
8900,טמרה,"34,392",607,643,658,612,635,616,614,597,688,691,679,667,721,693,690,715,719,737,799,730,647,645,567,585,652,593,570,540,627,566,543,449,404,425,410,449,433,406,380,409,434,444,453,478,459,476,425,409,360,372,359,368,339,390,345,337,327,294,291,274,231,248,215,198,203,164,171,151,146,131,88,66,75,107,84,668
2660,יבנה,"47,585",953,"1,067","1,137","1,128","1,181","1,087","1,085","1,022",875,939,803,774,675,645,625,562,576,570,525,560,551,521,522,561,554,559,560,586,606,577,602,652,699,746,818,796,838,797,736,718,734,677,632,638,605,568,536,504,513,478,465,388,357,393,371,407,404,416,417,473,438,500,419,487,542,474,466,505,502,457,385,345,352,295,210,"1,445"
9400,יהוד,"29,928",410,428,492,494,502,491,462,456,483,485,436,474,508,437,433,473,436,432,404,418,398,416,423,384,338,327,346,313,283,295,315,310,348,330,345,321,346,338,340,365,387,388,441,425,436,415,429,409,408,422,383,346,335,368,337,323,332,277,293,289,307,337,292,328,329,321,377,369,367,332,318,297,297,271,199,"1,711"
240,יקנעם עילית,"23,796",359,404,394,432,450,412,387,394,449,449,401,402,429,431,387,406,424,413,380,406,369,343,331,340,251,272,255,242,232,258,258,257,266,291,258,289,323,324,323,313,293,314,346,360,346,392,382,364,384,348,342,345,275,272,266,255,231,227,207,222,201,219,199,203,203,194,177,206,197,171,157,148,177,153,98,915
3000,ירושלים,"936,425","24,357","24,321","23,376","22,676","22,002","21,532","20,850","20,818","20,192","20,227","19,765","18,865","18,639","18,145","17,702","18,206","18,281","17,989","17,229","16,972","17,041","17,166","16,306","16,234","15,821","15,785","15,158","14,101","13,831","13,039","12,809","12,119","11,805","11,432","11,196","11,125","10,727","10,362","9,827","9,743","9,376","9,081","8,814","8,917","8,539","8,408","8,134","7,876","7,929","7,559","7,433","6,959","6,706","6,875","6,814","6,713","6,532","6,553","6,364","6,586","6,301","6,161","5,988","5,582","5,879","5,442","5,452","5,414","5,299","5,205","4,566","4,805","4,915","4,342","3,702","37,439"
168,כפר יונה,"24,778",435,426,439,486,488,460,493,466,521,481,504,535,466,461,418,396,419,376,349,348,345,312,307,275,263,285,263,290,322,284,300,323,315,302,291,317,351,320,376,393,366,406,404,401,458,393,367,369,362,308,309,279,253,218,238,202,223,219,218,246,188,245,214,192,192,210,203,215,185,172,165,144,162,139,85,627
6900,כפר סבא,"101,432","1,464","1,528","1,677","1,688","1,750","1,816","1,750","1,744","1,701","1,705","1,576","1,593","1,403","1,429","1,308","1,370","1,332","1,234","1,205","1,122","1,035","1,070","1,058","1,025",923,947,943,"1,003",947,855,936,966,"1,005","1,217","1,272","1,335","1,418","1,407","1,443","1,530","1,488","1,529","1,561","1,662","1,684","1,507","1,419","1,391","1,218","1,212","1,139","1,019",930,955,887,987,873,882,941,967,965,994,"1,029","1,034","1,040","1,132","1,166","1,272","1,310","1,321","1,221","1,236","1,269","1,127",829,"7,507"
634,כפר קאסם,"23,823",552,519,549,536,509,460,494,487,469,535,509,457,488,452,508,546,514,562,558,509,509,481,452,463,444,457,446,431,399,407,353,322,294,282,287,273,273,272,237,242,290,244,279,313,275,279,273,269,251,227,224,240,227,210,226,210,185,190,156,148,139,134,117,108,95,84,100,77,59,68,60,46,58,55,59,316
1139,כרמיאל,"46,252",610,628,617,630,663,719,641,668,610,622,642,637,663,641,623,610,581,618,618,727,733,678,614,561,543,542,513,552,588,553,573,526,553,549,559,554,574,552,556,534,536,530,564,613,626,537,564,569,559,542,504,520,450,475,475,468,516,523,549,541,575,563,577,573,593,602,587,570,574,575,523,582,588,484,284,"3,172"
7000,לוד,"77,223","1,660","1,675","1,781","1,653","1,668","1,643","1,582","1,600","1,506","1,443","1,425","1,275","1,258","1,212","1,145","1,234","1,195","1,246","1,139","1,146","1,087","1,174","1,029","1,027","1,054","1,066","1,066","1,054","1,128","1,018","1,098","1,048","1,011",968,994,990,928,892,834,903,846,800,873,841,894,831,810,791,843,787,800,725,678,716,684,666,677,699,660,675,671,671,666,653,679,648,586,627,594,652,565,570,585,501,387,"4,012"
874,מגדל העמק,"25,675",435,452,488,425,440,423,439,416,381,427,404,399,377,387,430,438,488,426,438,380,366,361,337,347,342,320,336,359,330,335,313,314,290,322,323,302,322,280,285,303,272,286,296,323,276,296,267,293,268,293,256,303,245,264,241,276,263,292,253,271,294,275,274,281,306,281,267,256,230,236,239,222,253,221,141,"1,384"
1200,מודיעין-מכבים-רעות*,"93,277","1,112","1,230","1,352","1,394","1,618","1,671","1,813","1,899","1,943","2,070","2,132","2,180","2,194","2,063","2,134","2,076","1,979","1,853","1,833","1,599","1,474","1,553","1,347","1,220","1,059",945,894,771,720,641,734,672,731,807,846,880,992,"1,037","1,110","1,246","1,253","1,284","1,376","1,621","1,702","1,645","1,723","1,672","1,643","1,691","1,467","1,310","1,180","1,152","1,101","1,020",899,895,793,799,811,747,663,624,669,598,623,558,553,539,413,457,515,438,327,"2,692"
3797,מודיעין עילית,"76,374","3,302","3,333","3,346","3,252","3,203","3,272","3,142","3,089","3,038","2,841","2,775","2,477","2,364","2,166","2,045","1,866","1,575","1,474","1,263","1,175","1,080","1,044",974,878,818,741,745,802,908,"1,126",885,954,"1,017",987,912,923,860,840,767,711,753,706,650,638,594,461,399,376,290,258,230,172,143,136,126,125,106,107,95,78,65,57,50,54,40,48,45,54,48,47,47,50,51,34,32,239
3616,מעלה אדומים,"38,155",745,689,682,684,664,704,689,687,647,730,664,688,699,694,723,658,629,634,626,678,644,723,732,692,633,565,501,504,463,495,455,440,458,417,433,445,414,403,455,404,440,428,395,435,453,441,453,424,450,463,422,450,420,435,444,386,393,408,414,398,401,398,383,338,386,297,288,300,268,246,234,207,223,186,170,"1,390"
1063,מעלות-תרשיחא,"21,836",302,348,321,312,353,344,331,346,369,356,333,325,352,327,285,291,292,279,317,334,341,333,338,329,289,309,254,282,297,315,282,271,269,255,255,251,244,227,246,225,255,248,281,286,265,271,271,284,257,264,233,262,265,277,248,251,250,223,281,247,273,285,247,255,223,257,217,224,215,200,202,166,207,149,100,"1,268"
9100,נהרייה,"58,096",768,879,852,899,868,863,814,848,835,804,813,836,781,790,775,818,804,742,741,772,719,654,720,652,641,648,665,678,685,747,815,695,684,700,683,675,650,674,654,688,681,757,804,840,771,817,796,749,766,708,783,732,670,679,650,632,621,645,652,700,666,681,645,675,685,690,702,681,633,664,654,627,637,600,440,"3,933"
1061,נוף הגליל,"41,734",633,663,661,638,623,642,565,510,557,543,541,482,496,487,524,456,546,496,534,618,557,559,509,538,520,545,548,594,525,569,586,547,504,534,514,478,504,486,418,477,458,532,520,514,511,503,496,503,463,482,487,477,484,448,483,510,474,497,438,496,512,497,479,472,516,498,430,475,445,447,439,499,521,455,271,"3,281"
7200,נס ציונה,"50,351",664,750,774,813,910,956,936,"1,008",994,978,"1,097",996,994,"1,001",891,889,854,722,706,702,660,587,586,559,447,414,451,440,393,400,413,452,455,491,536,604,616,652,725,766,756,803,878,978,998,932,868,786,808,722,705,577,484,491,471,482,457,389,383,424,404,424,440,403,439,440,450,505,465,445,465,400,450,350,294,"2,306"
7300,נצרת,"77,445","1,190","1,294","1,340","1,342","1,317","1,308","1,234","1,304","1,345","1,365","1,291","1,295","1,240","1,301","1,292","1,364","1,551","1,479","1,514","1,540","1,448","1,499","1,414","1,392","1,382","1,324","1,374","1,283","1,320","1,241","1,142","1,054",992,970,891,943,895,920,834,869,930,"1,028",985,985,"1,016",942,997,896,879,821,882,817,850,849,908,834,799,799,763,711,659,655,607,547,566,519,486,480,414,433,268,368,314,345,307,"2,694"
2500,נשר,"24,148",333,345,336,327,316,329,327,329,273,301,299,291,276,269,274,284,262,262,266,280,290,286,317,319,319,370,344,336,354,311,355,358,333,327,340,344,360,308,343,299,337,284,303,341,324,287,269,294,281,275,238,305,254,267,271,242,267,293,296,318,301,304,279,309,308,300,266,258,270,251,292,235,291,271,140,"1,735"
246,נתיבות,"37,542","1,168","1,166","1,116","1,133","1,001",995,934,973,861,894,810,761,737,671,720,663,643,561,529,567,586,586,559,592,646,600,593,571,650,654,565,616,600,548,497,415,465,427,434,428,377,372,375,365,349,338,317,295,292,301,315,294,284,276,272,274,236,244,265,282,271,215,199,247,180,216,173,151,172,162,135,121,116,92,90,942
7400,נתניה,"221,353","3,667","3,782","3,836","3,787","3,943","3,816","3,764","3,620","3,614","3,540","3,347","3,349","3,104","3,102","2,924","2,832","2,852","2,749","2,658","2,641","2,580","2,729","2,628","2,637","2,556","2,650","2,622","2,641","2,730","2,581","2,582","2,685","2,793","2,791","2,749","2,949","2,938","2,828","2,954","2,826","2,860","2,842","2,803","2,944","2,877","2,766","2,585","2,533","2,490","2,466","2,302","2,192","2,048","2,040","2,102","2,180","2,102","2,124","2,158","2,183","2,184","2,243","2,264","2,291","2,360","2,375","2,335","2,545","2,444","2,389","2,365","2,400","2,554","2,193","1,689","16,748"
7500,סח'נין,"31,702",625,581,666,638,671,605,620,596,634,657,637,622,590,611,551,641,566,629,628,630,538,562,493,505,552,498,579,553,542,521,537,488,480,410,381,411,418,402,430,423,411,404,444,432,416,402,424,407,371,376,369,341,345,338,310,305,252,252,233,225,199,203,172,144,143,137,164,113,129,131,58,71,66,90,74,635
7600,עכו,"49,380",780,837,794,810,790,811,764,777,766,793,734,689,686,669,663,675,792,745,737,739,676,729,678,629,632,666,702,745,755,694,730,722,666,682,635,688,667,668,624,583,592,576,579,585,599,586,500,567,506,527,558,550,517,519,530,523,522,567,539,648,595,532,562,529,562,496,514,531,477,455,397,414,394,319,283,"2,607"
7700,עפולה,"54,250","1,236","1,212","1,166","1,060","1,058",945,889,876,864,858,784,755,718,717,723,667,726,659,685,686,707,734,758,814,746,815,843,849,892,871,885,751,716,763,674,676,721,695,638,600,566,624,611,622,612,553,553,525,540,547,507,523,500,481,480,513,570,530,550,580,574,594,618,611,589,611,613,558,524,525,457,464,472,415,307,"2,896"
531,עראבה,"25,833",539,519,523,529,518,554,518,539,551,558,583,516,578,557,523,567,603,632,598,547,496,539,461,446,448,416,462,424,459,390,356,357,327,322,301,298,329,290,313,286,312,332,313,329,305,308,300,292,276,277,250,246,255,248,209,214,195,190,147,177,157,141,147,107,129,101,117,76,99,133,24,47,44,68,59,435
2560,ערד,"26,756",737,712,682,641,641,577,542,504,486,433,396,350,324,337,352,366,380,383,339,297,371,431,438,438,425,432,390,464,370,384,360,305,269,307,281,286,256,231,261,225,243,226,246,258,256,277,250,285,286,245,257,260,243,240,227,229,235,252,232,283,258,251,255,257,253,239,230,212,234,267,215,254,249,255,166,"1,729"
7900,פתח תקווה,"247,956","4,105","4,319","4,537","4,522","4,596","4,659","4,567","4,473","4,411","4,326","4,084","3,941","3,832","3,823","3,575","3,602","3,542","3,293","3,169","2,989","2,895","2,846","2,739","2,640","2,515","2,695","2,643","2,655","2,719","2,557","2,843","2,817","2,982","3,122","3,189","3,306","3,373","3,412","3,361","3,468","3,381","3,505","3,634","3,728","3,613","3,596","3,390","3,207","3,334","2,954","2,810","2,687","2,397","2,408","2,286","2,289","2,197","2,154","2,103","2,326","2,122","2,118","2,197","2,214","2,275","2,344","2,478","2,499","2,540","2,506","2,521","2,374","2,629","2,174","1,650","16,176"
8000,צפת,"36,094","1,074",988,"1,009",906,871,929,823,855,792,828,809,779,728,704,707,620,599,605,623,764,760,578,586,554,563,550,556,566,521,559,537,391,394,395,350,355,344,306,300,263,277,304,295,301,280,277,269,290,284,260,291,278,255,300,271,261,253,304,286,317,296,290,320,292,289,251,251,256,244,193,179,177,200,188,126,"1,445"
638,קלנסווה,"23,143",501,553,566,503,486,486,482,522,487,552,530,487,450,507,471,505,505,503,540,542,474,473,452,448,383,381,391,358,383,358,330,314,300,288,280,272,258,269,234,284,266,245,248,264,258,280,248,244,235,226,189,241,184,210,195,204,187,184,168,166,139,131,126,114,119,87,82,78,70,79,38,48,53,50,53,329
2620,קריית אונו,"40,409",506,607,653,677,728,719,786,803,807,865,789,719,768,697,639,627,600,573,477,437,449,443,390,367,350,350,310,312,298,312,366,405,415,380,448,511,604,562,661,715,736,653,688,840,720,715,655,639,604,597,525,444,406,373,388,353,319,343,313,351,302,328,295,324,347,334,345,391,390,348,349,322,376,365,300,"2,510"
6800,קריית אתא,"59,030",948,970,"1,025",997,957,981,935,917,909,825,773,864,815,804,721,756,775,662,731,728,684,744,696,796,715,756,751,812,806,826,807,777,812,801,864,798,793,776,760,814,684,692,681,751,719,693,712,675,682,671,681,617,554,618,643,624,614,678,646,686,677,686,615,652,700,646,654,651,649,707,626,602,637,539,420,"3,567"
9500,קריית ביאליק,"40,231",527,562,629,599,619,584,605,591,540,552,514,556,481,523,457,450,429,459,452,460,400,446,471,423,463,395,487,430,440,468,498,519,528,529,564,569,567,577,529,592,539,551,541,536,531,544,500,511,483,433,409,430,381,403,402,411,392,377,407,419,473,447,469,495,460,518,482,533,547,543,540,518,560,456,341,"3,167"
2630,קריית גת,"57,105","1,422","1,430","1,329","1,342","1,179","1,221","1,119","1,122","1,007",952,962,845,859,776,814,780,756,721,748,799,774,788,842,824,921,869,899,915,892,906,812,838,795,817,820,764,760,723,688,589,658,563,490,542,523,526,522,473,489,526,471,487,477,535,547,544,522,517,589,631,619,608,544,612,569,493,520,513,444,449,479,398,420,364,253,"2,773"
9600,קריית ים,"39,897",428,464,511,508,489,522,475,538,500,474,469,463,438,405,401,448,422,379,384,392,424,408,440,396,419,459,448,447,478,528,512,497,538,476,480,540,562,508,556,537,492,485,479,513,518,479,429,511,447,415,441,433,433,408,429,437,449,493,496,532,519,508,548,572,524,538,511,604,553,618,540,570,611,530,348,"3,720"
8200,קריית מוצקין,"43,303",619,624,697,608,659,625,550,585,581,550,526,550,510,507,496,508,465,486,469,476,439,468,462,458,428,431,462,514,491,522,540,539,561,585,630,585,643,624,592,644,567,559,554,573,573,547,511,537,512,532,480,415,409,441,365,452,412,424,424,463,520,492,522,512,522,529,563,559,567,572,617,603,594,562,400,"3,710"
1034,קריית מלאכי,"23,819",615,598,624,572,535,556,495,524,460,419,455,386,369,374,353,313,270,289,295,326,328,390,363,385,398,422,445,445,409,422,392,376,371,366,369,324,304,323,287,261,225,213,219,204,212,187,200,200,189,182,172,195,186,202,206,202,197,223,231,286,226,222,234,234,207,195,180,182,169,167,134,144,134,120,92,840
2800,קריית שמונה,"22,512",379,357,370,333,294,288,288,314,307,332,321,360,325,337,320,271,308,315,314,333,383,387,379,405,363,344,393,407,360,367,357,306,260,253,254,265,252,217,237,252,215,224,272,250,273,270,218,252,226,276,262,274,242,264,266,252,250,274,270,312,326,301,268,277,254,250,246,231,228,216,178,155,167,133,120,"1,112"
2640,ראש העין,"61,801","1,466","1,535","1,584","1,471","1,354","1,381","1,231","1,133","1,085",985,911,888,863,819,793,772,735,713,756,824,871,830,843,850,759,896,805,849,845,874,969,986,997,"1,060","1,069","1,012","1,036",953,"1,005",909,878,802,791,796,771,668,625,636,622,665,656,635,630,637,769,712,711,674,689,635,638,608,582,584,525,459,506,442,439,314,256,212,254,229,186,"1,845"
8300,ראשון לציון,"254,384","3,648","3,910","3,733","3,669","3,657","3,693","3,533","3,438","3,422","3,317","3,177","3,205","3,198","3,187","3,050","3,189","3,295","3,312","3,191","3,445","3,416","3,324","3,154","3,318","3,111","3,373","3,365","3,396","3,316","3,263","3,275","3,417","3,256","3,345","3,271","3,252","3,395","3,246","3,177","3,106","3,237","3,167","3,389","3,492","3,495","3,341","3,237","3,330","3,271","3,256","2,964","2,828","2,793","2,788","2,821","2,744","2,692","2,707","2,837","2,912","2,903","2,898","2,797","2,968","3,061","3,015","2,943","3,098","3,063","3,090","2,822","2,691","2,957","2,622","1,865","16,248"
1161,רהט,"71,437","2,424","2,483","2,433","2,228","2,251","2,110","1,963","2,017","1,941","1,883","1,831","1,786","1,707","1,703","1,730","1,788","1,802","1,748","1,736","1,765","1,580","1,593","1,428","1,430","1,397","1,368","1,275","1,135","1,084","1,054","1,011",924,796,765,743,724,729,667,623,580,595,634,627,592,616,583,557,570,509,481,469,362,305,324,326,330,229,277,211,225,145,178,215,147,143,139,135,110,113,99,87,76,92,64,84,552
8400,רחובות,"143,904","2,672","2,776","2,916","2,892","2,989","2,898","2,979","2,756","2,745","2,689","2,562","2,339","2,240","2,106","2,003","1,881","1,863","1,723","1,615","1,590","1,512","1,523","1,620","1,564","1,534","1,606","1,626","1,662","1,591","1,627","1,737","1,811","1,859","1,946","2,021","2,160","2,140","2,129","2,093","2,059","2,022","2,072","2,119","2,085","2,011","1,886","1,783","1,683","1,669","1,538","1,407","1,322","1,272","1,232","1,192","1,198","1,157","1,182","1,146","1,174","1,198","1,214","1,307","1,257","1,326","1,294","1,352","1,429","1,493","1,430","1,389","1,350","1,459","1,417",947,"8,837"
8500,רמלה,"76,246","1,497","1,497","1,534","1,514","1,440","1,527","1,413","1,370","1,346","1,347","1,244","1,210","1,166","1,125","1,089","1,044","1,104","1,051",978,"1,113","1,061","1,105","1,042","1,062","1,061","1,082","1,123","1,153","1,091","1,078",996,"1,042","1,061","1,036","1,057","1,084","1,077","1,076","1,031","1,008",976,948,"1,003",970,939,854,884,825,785,767,762,775,732,710,730,733,711,754,719,775,721,732,788,675,730,730,669,667,627,632,546,471,518,436,371,"3,650"
8600,רמת גן,"163,480","2,487","2,500","2,436","2,407","2,306","2,161","2,187","2,042","2,041","1,968","1,999","1,820","1,771","1,759","1,780","1,688","1,677","1,595","1,530","1,600","1,657","1,722","1,761","1,837","1,926","2,077","2,160","2,477","2,412","2,633","2,664","2,854","2,904","2,861","2,890","2,780","2,930","2,662","2,639","2,520","2,645","2,186","2,262","2,414","2,157","2,198","2,150","2,008","2,069","2,029","1,781","1,772","1,670","1,699","1,696","1,692","1,602","1,564","1,523","1,607","1,592","1,543","1,543","1,512","1,582","1,548","1,598","1,623","1,632","1,545","1,400","1,409","1,599","1,423","1,260","13,824"
2650,רמת השרון,"47,245",642,661,669,776,745,776,753,808,825,870,886,766,818,769,694,723,716,699,618,558,527,496,514,472,434,431,395,341,363,349,414,372,395,508,498,551,554,560,644,641,655,634,680,742,779,766,739,746,803,680,631,512,502,537,467,457,427,424,396,439,426,384,423,425,462,460,497,488,525,509,473,485,527,532,389,"3,998"
8700,רעננה,"75,421",989,"1,024","1,051","1,099","1,148","1,128","1,145","1,126","1,117","1,119","1,190","1,140","1,167","1,193","1,252","1,116","1,161","1,069","1,085","1,012","1,098","1,081","1,052","1,004",889,895,795,776,722,699,718,715,698,745,771,793,780,806,808,853,859,934,936,939,"1,051","1,025","1,034","1,039","1,015","1,051",988,907,798,872,826,782,815,774,790,752,818,781,807,828,851,790,923,975,893,993,863,857,"1,001",843,669,"5,312"
1031,שדרות,"27,635",723,715,677,601,542,575,541,517,471,418,403,356,358,318,310,266,275,265,290,458,480,392,524,510,505,543,522,493,503,497,529,531,523,479,429,407,374,355,321,314,297,261,278,291,260,252,240,244,250,239,244,263,238,262,293,265,273,318,265,304,280,254,246,230,221,187,212,194,184,183,162,163,160,124,101,"1,082"
8800,שפרעם,"42,137",672,699,714,714,707,678,665,665,714,710,671,749,684,765,768,855,856,879,861,846,837,793,769,801,750,728,747,742,681,638,591,498,509,523,488,547,529,522,507,479,525,514,544,546,548,523,573,529,550,563,511,524,475,501,502,457,434,454,400,419,344,319,286,291,284,256,232,228,205,186,109,127,137,164,134,"1,187"
5000,תל אביב-יפו,"460,613","7,608","7,204","6,795","6,459","6,504","6,105","5,793","5,528","5,262","5,250","5,168","4,702","4,476","4,364","4,094","4,149","3,986","3,795","3,743","3,825","4,041","4,147","4,423","4,746","5,483","6,349","7,325","8,566","9,108","9,980","10,292","10,959","10,741","10,411","10,008","9,624","9,466","8,737","8,239","8,322","8,023","6,726","6,696","6,489","6,454","6,119","5,837","5,536","5,737","5,207","4,741","4,433","4,100","4,246","4,085","4,106","3,877","4,046","3,963","4,131","3,942","3,945","4,061","4,063","4,027","3,994","4,150","4,213","4,197","4,173","3,789","3,714","4,102","3,845","3,128","30,941"
472,אבו גוש,"7,698",167,149,147,162,159,150,121,176,139,135,138,162,149,149,142,140,135,160,129,152,140,130,134,153,151,114,132,127,127,127,134,114,91,106,110,116,105,103,94,114,94,79,86,98,104,97,69,83,86,66,77,63,61,83,73,80,69,79,58,85,65,60,61,46,53,31,42,28,37,34,29,17,28,18,29,147
473,אבו סנאן,"14,099",268,283,240,239,250,225,213,242,223,245,222,258,238,258,253,239,282,298,311,298,246,257,262,260,242,224,287,246,244,242,241,202,176,199,191,186,199,176,160,178,193,186,204,188,184,196,183,170,152,140,162,127,165,126,133,143,139,126,112,122,110,103,80,106,93,90,81,80,54,63,39,44,53,53,49,349
182,אבן יהודה,"13,826",138,185,182,230,191,231,280,268,284,273,309,341,298,265,269,256,241,229,203,230,185,157,145,143,131,140,115,116,99,100,104,103,110,117,109,122,145,170,174,185,170,197,233,273,264,273,235,242,240,196,188,185,148,172,122,127,130,109,110,121,111,130,134,104,111,114,133,142,149,127,124,126,114,113,82,702
3760,אורנית,"8,955",132,129,135,150,174,197,157,184,197,207,198,199,198,211,173,165,142,139,134,120,154,142,134,122,125,90,89,76,67,96,74,88,78,79,91,100,122,96,94,127,118,148,158,161,174,124,136,151,112,141,104,115,116,90,118,80,92,108,94,70,86,84,76,75,84,60,68,86,75,62,58,51,47,47,35,169
565,אזור,"12,957",236,241,265,211,244,249,197,238,212,191,198,178,178,152,161,147,132,134,127,116,143,173,155,162,163,157,188,153,193,169,191,209,186,212,191,197,200,215,208,191,185,160,191,173,159,196,161,154,159,126,135,118,120,135,111,126,126,107,138,137,145,130,122,146,122,132,145,147,140,153,104,98,129,108,80,674
478,אכסאל,"14,784",322,283,335,322,298,254,283,274,280,284,301,293,304,307,316,312,313,317,332,321,299,272,282,295,291,287,269,267,255,210,223,200,173,192,192,186,180,150,167,156,194,199,200,202,159,188,178,164,156,143,149,141,138,135,151,126,137,142,93,95,84,81,89,81,66,70,56,59,71,64,39,31,28,36,22,214
41,אליכין,"3,415",57,53,58,52,55,50,54,52,62,65,52,60,64,61,46,58,66,51,37,57,61,53,58,50,47,46,53,39,41,43,37,42,34,37,39,34,44,36,35,34,35,29,42,40,35,51,29,46,48,42,54,49,50,41,38,47,40,57,49,36,42,36,32,37,35,32,36,27,38,24,21,8,15,15,14,175
3750,אלפי מנשה,"7,952",103,92,135,117,115,149,128,142,168,196,180,161,190,166,151,136,163,150,120,127,131,114,100,115,75,83,65,73,56,76,89,59,72,70,90,70,88,86,115,124,100,121,126,157,145,156,143,129,138,114,119,90,80,101,98,65,69,78,60,72,78,82,76,77,80,75,68,88,83,72,72,40,49,47,32,135
3560,אלקנה,"3,838",103,85,88,90,76,94,85,79,75,83,74,81,58,77,77,61,54,64,58,49,43,63,69,59,52,62,40,66,65,60,63,58,46,46,40,42,45,32,41,38,37,36,35,43,46,40,38,31,38,34,22,27,20,23,20,20,28,38,13,35,31,34,26,27,39,18,41,46,42,41,31,44,54,29,27,145
529,אעבלין,"13,305",233,229,219,244,215,265,216,247,246,268,225,243,270,240,260,277,246,271,273,278,262,239,254,240,225,215,210,213,244,216,198,181,152,154,178,170,164,164,151,145,172,180,185,172,197,166,167,169,143,154,149,160,136,157,141,140,124,134,109,116,107,109,86,77,85,65,76,79,55,66,30,44,45,52,50,268
3650,אפרת,"10,806",228,277,260,286,287,258,297,265,286,267,272,254,252,243,220,232,235,214,193,165,159,173,187,168,142,146,132,122,119,152,125,130,165,185,174,151,157,121,131,138,112,96,100,106,90,75,71,76,84,78,84,69,87,73,101,83,93,74,80,87,71,88,77,96,76,73,81,56,55,51,55,52,35,33,20,204
2530,באר יעקב,"27,768",681,794,783,854,827,795,740,745,661,611,548,460,416,376,321,343,325,310,398,430,372,320,301,299,240,256,246,259,284,310,364,406,457,550,580,573,585,603,554,501,475,458,443,422,360,358,294,276,275,256,224,194,166,171,183,183,155,164,162,174,168,156,190,177,187,180,194,198,186,148,145,139,123,103,84,522
482,בועיינה-נוג'ידאת,"9,812",184,203,190,222,212,204,206,193,197,197,219,189,167,197,194,201,222,217,221,215,191,216,180,192,184,183,162,175,205,172,165,149,150,127,120,121,121,123,126,122,137,143,124,133,119,125,105,112,90,87,89,83,87,96,78,91,69,65,69,53,57,38,40,48,31,37,37,41,24,43,13,8,19,30,24,134
4001,בוקעאתא,"6,610",110,95,83,109,103,115,116,116,104,123,124,131,131,121,137,112,121,107,141,123,104,120,117,145,96,117,101,114,95,99,94,98,76,90,85,82,77,98,99,101,87,98,101,97,102,105,107,104,108,95,66,84,71,54,40,78,60,41,47,67,47,64,41,37,43,40,40,26,18,40,26,31,27,19,16,155
998,ביר אל-מכסור,"9,522",186,202,194,236,193,204,192,211,204,202,200,178,179,193,175,184,182,199,199,185,198,187,168,174,188,171,161,182,148,152,153,148,132,143,136,124,118,106,95,111,106,106,107,119,117,94,119,105,92,97,90,85,92,97,96,92,63,86,73,49,69,49,69,37,50,43,43,41,43,32,8,12,18,20,33,181
3574,בית אל,"5,973",159,143,142,146,123,115,117,128,121,115,125,147,121,132,126,275,260,250,242,166,173,158,168,154,112,107,84,70,77,80,53,44,47,44,42,39,47,33,30,41,33,42,52,52,40,44,34,44,34,40,43,36,42,30,28,42,32,44,25,35,30,31,26,27,24,32,33,18,31,23,15,14,23,11,17,89
3652,בית אריה-עופרים,"5,253",80,89,93,94,94,107,106,107,111,119,114,105,119,108,91,104,89,92,83,85,80,89,81,78,68,67,60,55,53,50,51,50,38,49,62,68,62,64,83,78,81,67,85,80,92,82,74,88,71,71,76,65,66,56,52,70,44,56,50,59,50,35,45,49,38,38,35,44,41,32,29,23,25,25,17,67
480,בית ג'ן,"12,001",172,180,201,192,197,193,167,187,195,199,201,202,189,213,201,213,198,220,214,217,208,202,224,215,223,227,230,229,225,248,210,183,188,196,178,180,165,136,163,151,169,174,176,179,153,157,155,138,139,125,136,143,125,118,120,139,118,105,103,112,109,108,72,83,82,70,70,50,64,59,38,24,20,42,27,367
466,בית דגן,"7,285",81,104,89,111,117,76,113,104,119,107,138,116,128,135,103,150,121,127,128,114,90,124,111,123,102,119,95,126,98,77,83,96,67,67,86,86,63,72,76,72,90,73,90,113,116,92,86,91,109,106,103,109,98,95,105,104,88,82,90,77,91,66,81,76,63,66,59,63,78,48,43,45,42,40,31,363
1066,"בני עי""ש","6,978",102,116,100,98,102,110,90,100,78,81,76,81,81,77,74,78,83,98,68,97,94,87,89,98,94,96,86,71,106,72,97,99,66,92,80,84,76,77,91,78,66,61,71,71,89,67,79,84,79,87,86,91,91,92,86,84,93,91,89,103,94,96,81,79,82,72,94,85,58,73,85,70,81,79,49,615
9800,בנימינה-גבעת עדה*,"15,847",191,207,229,244,256,272,322,330,338,360,355,396,367,324,314,368,317,288,254,251,242,234,201,176,154,130,121,117,119,128,120,130,138,167,164,180,177,212,215,208,198,233,290,252,313,284,297,307,294,253,270,229,215,182,192,157,155,148,136,131,123,152,119,113,92,104,122,95,107,104,88,67,81,72,60,499
1326,"בסמ""ה","10,010",215,202,218,225,219,210,199,219,208,210,223,204,191,183,231,224,212,227,214,258,215,201,214,183,193,190,178,168,176,175,166,120,117,132,123,101,117,103,114,123,125,100,115,122,127,114,120,108,98,94,82,75,84,85,90,92,78,74,58,69,60,48,52,47,42,44,37,31,33,22,29,18,20,22,25,168
944,בסמת טבעון,"7,916",141,140,151,146,167,151,120,145,157,154,149,127,135,142,180,163,156,187,180,165,169,155,157,141,138,144,139,128,130,108,119,117,112,87,90,81,111,99,92,89,92,93,99,106,105,89,89,102,97,100,97,97,78,87,75,89,71,75,51,69,61,51,46,50,39,35,33,35,26,31,11,13,17,25,28,183
483,בענה,"8,381",118,174,166,142,161,145,160,154,147,164,164,151,146,188,176,171,164,203,193,206,185,162,166,163,164,151,149,136,136,137,114,106,107,99,107,113,100,95,106,102,95,126,108,116,108,107,115,105,82,87,95,84,80,89,72,82,79,67,61,62,56,52,37,43,41,36,35,28,41,31,20,20,24,20,26,155
1292,ג'דיידה-מכר,"21,163",374,359,406,389,331,347,355,370,362,362,357,398,355,436,413,418,455,512,518,490,435,421,387,383,367,369,380,357,343,321,287,278,256,254,270,275,240,243,210,227,241,256,291,270,284,305,273,261,274,253,265,241,225,267,248,269,201,204,184,185,183,147,137,127,124,86,100,92,78,80,48,54,55,54,63,428
485,ג'ולס,"6,465",106,102,102,103,111,100,62,93,87,107,99,106,95,107,104,104,123,127,132,117,115,103,108,111,136,118,117,133,123,131,107,121,90,101,80,90,94,77,77,85,74,88,97,93,92,82,83,104,89,75,77,67,61,80,67,79,64,80,72,51,61,52,51,31,42,33,37,33,36,37,15,20,16,18,16,185
627,ג'לג'וליה,"10,148",235,212,245,234,192,214,202,200,200,191,201,219,193,206,227,230,240,223,231,221,218,208,225,214,184,156,149,161,171,144,141,115,105,99,112,119,111,115,111,94,113,103,110,118,105,125,113,118,132,109,98,86,98,88,95,75,91,80,71,60,77,52,63,45,56,42,41,41,40,42,20,24,30,32,28,262
541,ג'סר א-זרקא,"14,930",354,368,357,361,359,355,361,330,309,346,352,315,323,343,318,347,332,357,332,354,308,272,292,269,258,259,242,243,262,222,212,192,206,196,220,206,224,209,173,163,184,179,157,188,165,173,166,150,158,136,126,110,112,110,110,102,105,95,74,79,74,66,74,47,52,50,42,45,43,39,25,12,23,24,20,116
487,ג'ש (גוש חלב),"3,105",47,38,54,46,46,43,39,43,53,58,46,44,57,37,43,55,53,53,41,55,41,40,52,48,54,53,55,46,58,49,47,35,32,44,37,36,36,45,31,40,57,47,43,34,47,37,39,41,33,46,38,40,40,40,46,43,34,51,32,24,30,29,16,17,25,17,22,21,22,11,23,14,11,16,15,176
628,ג'ת,"12,100",263,236,242,247,225,232,212,211,211,226,213,243,212,211,206,209,268,279,220,248,239,229,223,213,212,196,223,217,243,191,208,205,151,163,134,171,127,157,138,129,132,124,128,124,151,131,143,121,133,124,108,116,130,124,123,135,120,127,111,122,110,87,91,78,78,76,65,44,58,58,32,35,43,38,31,265
3730,גבעת זאב,"18,420",604,567,563,568,536,546,526,477,496,489,421,381,355,346,313,289,258,210,206,226,247,251,333,268,290,272,282,289,312,296,304,285,259,287,247,254,220,201,179,165,133,154,145,172,137,146,133,124,117,128,117,143,116,98,136,127,134,139,154,135,159,132,140,149,146,139,128,104,126,84,77,79,73,85,60,435
2550,גדרה,"28,313",343,396,428,412,488,505,543,554,601,615,620,604,634,622,606,671,659,621,570,458,416,399,415,363,308,292,303,239,251,239,224,233,231,251,271,286,257,330,361,364,408,387,495,517,507,477,453,464,448,423,337,357,327,294,296,230,227,197,204,215,208,202,211,158,195,165,167,195,173,196,168,149,173,138,124,"1,441"
166,גן יבנה,"23,869",277,324,337,352,364,356,426,405,417,475,510,489,508,509,538,490,471,498,477,453,491,430,384,381,368,337,309,302,247,239,247,224,205,191,186,219,213,237,244,274,276,333,344,412,410,436,416,358,397,365,397,373,301,303,327,289,254,236,261,263,224,187,193,185,154,141,150,126,145,129,101,110,133,93,87,559
229,גני תקווה,"20,398",298,368,402,413,418,422,436,418,400,413,367,384,358,344,302,326,339,303,271,242,248,217,214,209,190,175,162,169,151,142,176,187,201,207,216,241,277,281,283,288,289,301,340,344,302,349,301,292,319,287,232,218,209,186,193,188,164,168,167,164,137,175,187,196,196,192,186,218,193,200,171,168,184,168,123,"1,236"
494,דאלית אל-כרמל,"17,653",290,269,277,277,274,284,285,261,292,255,301,281,304,299,255,284,270,267,267,299,285,286,276,283,282,275,267,291,277,287,324,292,265,237,231,267,242,254,236,259,238,258,258,270,282,250,247,225,235,256,214,219,207,206,215,205,204,171,189,175,176,147,142,165,125,128,129,110,100,118,77,58,65,76,53,456
489,דבורייה,"10,510",196,203,234,205,182,200,180,192,217,183,198,178,197,203,202,228,218,244,231,238,218,195,178,164,166,150,175,189,205,170,163,139,130,110,110,115,120,113,117,97,88,119,113,123,124,126,112,145,116,139,127,111,124,133,133,97,110,105,95,84,70,69,60,56,66,49,77,47,42,49,29,33,26,36,40,282
490,דייר אל-אסד,"12,514",216,259,236,245,269,247,245,247,235,238,251,258,242,265,260,278,287,280,238,274,232,245,248,237,221,217,213,211,211,209,192,181,177,183,161,171,159,143,147,151,130,141,154,150,174,149,151,160,115,136,114,116,115,119,114,107,103,92,78,102,83,75,71,62,60,60,52,49,64,48,23,36,32,34,26,237
492,דייר חנא,"10,339",165,184,194,178,184,194,176,184,187,181,209,193,156,196,194,194,208,196,209,203,197,174,170,181,203,188,187,189,185,200,155,154,124,154,121,120,155,129,130,119,132,133,128,122,146,138,131,113,118,115,122,101,117,114,113,119,107,92,100,86,64,79,74,59,58,44,64,38,42,43,26,34,22,42,28,253
3769,הר אדר,"4,088",43,46,43,59,57,54,61,76,74,80,81,98,103,87,80,80,78,86,81,73,76,102,71,62,53,52,38,37,30,26,27,28,23,38,28,38,42,38,34,26,32,55,44,55,61,64,82,57,85,79,68,68,66,63,48,51,55,42,32,34,29,36,34,37,27,40,37,34,47,36,26,36,37,44,34,107
9300,זכרון יעקב,"23,206",312,327,380,327,348,373,405,439,385,439,476,445,483,426,438,474,436,435,404,404,392,411,351,340,282,264,243,230,196,198,193,211,193,204,183,197,218,234,247,277,251,279,287,325,309,327,323,295,371,353,318,311,308,314,323,268,300,280,245,273,253,258,235,217,238,186,216,202,194,193,162,159,154,141,131,982
1290,זמר,"7,094",145,150,180,151,126,159,149,170,139,141,128,123,130,114,133,138,146,127,145,130,132,130,134,120,123,122,118,115,120,127,118,105,101,83,95,75,98,78,92,66,88,73,82,83,84,90,69,77,70,84,60,75,63,68,74,60,61,66,67,65,55,48,44,46,43,35,30,28,27,29,26,23,29,28,16,151
975,זרזיר,"8,119",175,185,178,205,187,173,174,197,182,170,180,151,162,165,151,165,172,162,174,150,168,151,159,151,136,164,154,147,142,138,127,121,98,101,102,102,98,111,91,93,98,108,98,110,88,98,78,75,87,81,73,72,66,79,80,66,62,55,51,49,35,38,31,41,37,37,34,28,30,30,8,17,8,18,21,127
1303,חורה,"22,337",802,922,894,775,693,737,696,747,675,699,638,614,564,590,595,588,615,568,524,504,497,448,424,410,363,352,292,321,250,278,252,289,251,215,230,209,200,190,167,208,173,199,177,183,166,154,149,161,124,122,111,89,93,89,92,82,59,59,62,50,50,50,42,37,43,35,43,35,27,26,23,23,21,25,27,149
496,חורפיש,"6,410",104,122,98,112,134,102,113,112,103,109,112,114,118,113,108,117,127,130,117,133,124,98,106,121,98,117,131,102,117,107,92,105,85,108,85,91,104,81,82,92,91,101,101,98,65,87,84,87,68,82,62,71,62,65,65,69,52,51,57,45,56,37,35,27,25,40,29,40,41,33,14,20,11,21,16,158
2034,חצור הגלילית,"9,272",224,217,212,198,198,193,169,171,142,185,133,181,150,148,145,134,150,145,136,210,166,159,131,135,132,121,153,135,133,142,149,123,93,100,119,129,123,102,90,88,81,85,80,99,102,88,73,94,79,92,74,83,99,96,96,87,88,88,94,98,98,117,90,95,84,94,87,74,64,57,65,65,58,44,34,405
1247,חריש,"13,232",584,599,637,593,564,543,431,450,381,298,270,229,186,166,135,95,91,73,54,59,58,83,77,78,94,131,160,196,226,293,307,334,354,369,320,300,286,293,230,247,185,157,161,112,135,117,110,88,74,65,73,58,62,59,34,58,50,51,45,41,40,43,44,36,46,43,46,32,37,37,29,30,32,24,17,93
962,טובא-זנגרייה,"6,776",158,140,161,144,140,139,140,111,130,120,116,125,112,152,129,122,147,152,148,117,150,135,129,121,133,134,105,112,101,113,101,92,103,85,87,99,109,95,105,83,99,82,108,84,86,88,77,76,78,59,69,67,58,60,60,67,49,53,57,42,39,43,29,34,25,32,31,20,33,20,13,9,17,19,7,88
498,טורעאן,"14,240",250,309,302,268,290,278,271,300,297,286,278,284,293,286,280,286,315,286,286,300,303,282,271,249,254,250,254,260,250,235,210,196,193,165,160,152,172,148,165,151,171,169,174,202,162,183,150,143,176,140,156,134,140,155,146,120,120,124,116,103,71,89,76,78,73,77,67,64,69,53,31,30,40,46,39,287
1295,יאנוח-ג'ת,"6,679",108,131,120,127,103,109,125,105,127,131,112,123,128,134,148,111,130,133,136,136,115,111,109,127,119,132,134,120,111,109,116,108,91,90,93,92,103,103,94,97,87,110,87,96,88,92,88,81,77,68,69,70,65,63,59,60,54,47,47,53,46,57,38,30,34,36,26,34,34,30,15,13,22,17,18,116
46,יבנאל,"4,243",98,87,112,111,117,110,118,103,118,126,97,115,93,111,87,91,83,69,77,61,65,53,67,46,51,51,42,43,58,41,47,39,48,41,56,43,38,38,42,48,48,35,52,41,32,40,31,35,26,30,37,30,27,29,30,46,49,29,40,40,28,33,31,24,29,30,28,24,20,20,26,22,15,15,10,213
29,יסוד המעלה,"1,730",36,21,29,27,24,34,24,18,30,25,31,25,25,41,31,21,38,24,38,26,32,31,20,33,14,11,21,24,26,29,19,13,23,17,25,11,11,22,21,21,14,18,17,21,31,20,24,29,30,25,19,27,25,14,21,24,17,10,20,22,20,21,22,10,12,20,16,10,12,17,14,15,14,13,8,88
499,יפיע,"19,151",320,334,353,344,345,375,359,373,351,357,390,336,353,339,362,375,388,340,427,435,367,387,355,341,350,354,344,353,299,318,276,234,245,234,236,234,224,201,236,235,246,253,223,257,241,212,248,220,245,217,208,206,208,230,189,217,170,163,179,148,137,154,125,116,118,102,96,86,81,67,52,62,46,91,52,409
831,ירוחם,"10,294",237,224,228,239,224,225,216,210,187,192,183,185,186,179,155,177,191,153,186,214,205,206,179,195,165,161,138,135,137,160,119,134,155,168,117,139,139,118,99,127,111,124,86,103,117,102,110,97,100,91,95,120,78,96,97,97,86,92,86,89,79,99,72,75,82,74,61,62,54,68,48,57,59,46,35,357
502,ירכא,"17,171",283,306,287,326,292,314,289,313,314,357,302,330,352,327,324,325,355,345,361,388,361,306,265,318,323,328,354,293,305,294,261,234,257,228,246,253,248,227,209,223,216,242,230,211,204,179,225,185,164,199,165,172,164,199,152,138,162,139,143,137,130,109,94,96,77,91,73,71,88,75,43,47,32,51,45,403
504,כאבול,"14,095",308,258,274,313,256,287,273,259,308,294,280,279,301,285,269,282,293,331,316,286,256,236,261,220,258,250,256,238,263,219,205,205,202,167,187,187,191,141,168,176,177,178,181,163,180,179,167,176,158,149,174,141,149,133,131,144,147,110,100,95,100,64,77,63,58,67,66,51,51,44,18,17,38,50,36,226
505,כאוכב אבו אל-היג'א,"3,589",64,54,63,65,85,72,60,77,72,62,81,64,51,69,79,67,79,63,76,75,69,53,51,54,48,48,62,66,57,61,64,43,49,45,48,42,48,43,38,44,56,44,54,46,45,47,55,42,50,45,46,42,43,35,40,36,35,20,25,19,31,20,24,15,21,13,21,14,21,21,7,7,6,19,13,103
1224,כוכב יאיר,"8,702",83,72,87,90,106,100,117,127,109,140,122,126,146,147,148,144,144,157,155,135,169,176,195,172,150,139,126,108,86,84,74,70,66,62,61,60,63,61,70,77,83,75,91,107,97,98,107,110,115,130,156,129,140,142,163,142,137,136,133,142,144,133,119,112,116,92,110,103,99,95,98,101,84,54,54,236
1059,כסיפה,"21,866",814,818,746,782,721,639,635,663,623,661,603,591,553,553,521,510,583,496,533,505,423,449,381,414,408,379,348,323,314,277,292,273,266,236,199,235,226,204,232,178,181,177,179,172,196,139,161,126,140,138,112,103,87,108,113,100,84,71,70,73,55,63,40,43,64,42,47,32,22,47,19,28,20,33,19,158
1296,כסרא-סמיע,"8,818",178,176,192,186,178,179,170,182,178,170,164,174,183,218,175,161,197,174,191,174,136,168,170,161,195,163,176,174,146,151,137,141,135,117,143,136,114,136,107,115,123,116,104,118,110,96,92,86,86,95,71,80,58,79,86,66,67,65,46,63,41,47,31,39,33,35,42,23,32,25,19,11,22,15,22,147
978,כעביה-טבאש-חג'אג'רה,"5,504",118,118,122,146,132,111,106,121,115,113,117,103,101,121,102,126,108,114,139,101,115,109,117,103,103,85,105,117,91,104,103,71,72,67,48,63,65,56,68,48,67,63,77,60,52,72,45,72,47,61,46,49,47,59,47,58,40,40,37,48,23,37,26,26,23,21,23,21,15,26,..,5,8,8,16,95
633,כפר ברא,"3,678",95,89,96,78,75,82,90,70,78,70,84,68,71,80,75,82,88,89,86,95,100,77,87,84,75,73,67,67,61,68,52,59,45,45,34,46,31,25,32,34,29,47,40,36,45,31,49,35,38,38,30,32,39,24,30,27,28,29,24,17,22,14,19,14,8,8,12,12,6,12,6,11,8,8,4,50
1263,כפר ורדים,"5,486",36,30,44,55,58,62,73,66,69,98,109,101,111,105,91,105,110,99,101,105,120,113,87,66,73,62,62,59,36,56,40,30,42,35,46,35,39,46,45,57,57,62,60,79,65,84,59,76,88,80,69,76,79,84,79,65,76,64,63,69,71,75,66,68,81,78,69,79,81,68,63,60,66,51,47,251
507,כפר יאסיף,"10,133",144,191,173,170,156,155,137,158,177,145,166,169,157,159,156,157,198,180,192,172,175,173,156,154,175,158,168,181,197,159,157,153,132,114,153,132,146,117,143,136,150,134,124,147,136,141,123,107,109,111,143,125,123,107,112,122,122,112,106,97,102,84,91,95,76,64,82,73,64,49,45,48,34,50,46,290
508,כפר כמא,"3,373",50,53,52,45,50,49,50,61,50,48,39,51,45,35,53,46,53,56,56,48,47,53,55,60,41,61,65,59,63,63,55,41,58,41,43,43,44,42,48,49,58,27,50,51,43,31,47,36,42,32,28,31,40,41,33,31,38,31,33,35,33,43,32,33,50,34,39,29,36,34,12,20,24,20,14,142
509,כפר כנא,"22,751",485,456,495,446,457,475,442,451,469,450,451,470,445,495,445,483,498,497,533,542,477,434,448,388,445,412,379,384,395,361,347,321,310,250,280,254,249,224,229,249,270,274,275,275,277,242,283,261,249,216,232,229,222,193,197,192,195,179,163,173,152,149,115,128,122,105,114,91,88,100,60,57,50,65,51,382
510,כפר מנדא,"20,188",401,493,473,445,445,422,487,422,465,475,380,381,394,402,388,434,455,472,507,502,418,439,400,414,402,393,394,412,371,344,309,299,278,264,266,235,245,236,218,219,225,238,216,206,194,248,185,190,189,175,182,164,192,146,196,136,142,128,121,112,104,104,82,80,82,72,72,50,56,56,33,19,24,38,40,287
654,כפר קרע,"19,018",383,344,390,345,330,334,328,366,382,369,351,346,367,329,377,361,366,350,370,379,350,337,338,332,346,368,359,357,348,316,285,275,279,251,199,254,256,268,236,219,234,234,222,247,210,212,247,225,208,240,207,198,187,206,202,181,180,170,175,167,147,139,125,120,125,86,112,88,81,76,58,33,62,57,53,366
267,כפר שמריהו,"1,938",15,20,20,26,29,24,31,24,31,24,34,27,34,36,27,41,29,28,28,43,20,37,21,27,25,24,12,11,11,12,10,13,12,20,8,17,9,15,20,20,11,20,19,31,23,24,32,33,23,31,20,28,30,21,19,24,22,28,25,16,27,18,28,27,19,21,21,23,20,19,33,14,21,24,22,210
47,כפר תבור,"4,311",54,53,58,71,77,80,75,79,92,81,87,99,83,78,79,83,74,87,74,64,70,52,80,46,53,50,55,33,40,34,42,28,39,29,42,44,43,54,60,42,55,56,69,65,51,61,70,59,55,44,61,63,56,51,53,57,53,43,58,45,43,44,63,42,40,35,47,43,38,44,47,42,40,27,21,111
1271,להבים,"6,415",76,70,70,69,82,80,103,87,96,123,104,106,105,113,105,129,124,109,123,121,106,123,117,117,118,98,93,86,68,64,55,50,45,58,43,52,67,45,70,67,53,56,62,81,81,77,69,55,78,85,115,99,99,107,105,95,88,87,65,78,64,70,65,81,80,92,88,64,82,74,45,55,55,58,43,236
1060,לקיה,"14,075",491,499,472,453,427,432,397,421,376,372,363,338,382,337,386,357,343,340,308,313,280,291,267,262,260,206,222,208,207,193,191,163,147,138,154,131,139,135,131,122,133,146,131,125,130,116,111,114,114,97,97,86,61,77,88,62,63,57,48,49,39,42,39,24,45,15,29,24,17,29,18,20,26,17,21,111
1015,מבשרת ציון,"24,052",369,343,369,396,360,380,351,362,365,353,406,362,327,382,346,364,351,342,324,317,330,362,317,342,372,323,316,305,295,309,267,284,284,306,316,301,282,300,298,291,275,283,249,276,294,278,282,254,275,259,290,251,252,300,277,249,235,267,288,300,281,262,263,285,296,275,256,264,289,274,238,244,235,247,191,"1,354"
516,מג'ד אל-כרום,"15,455",228,265,276,228,260,276,279,314,300,331,329,318,322,356,367,303,339,369,341,346,313,320,268,291,277,230,277,254,269,254,213,185,225,188,184,188,172,202,185,214,219,181,192,187,199,224,179,198,183,181,154,155,155,147,148,152,128,132,107,116,97,99,87,80,79,76,66,65,71,44,36,22,36,55,35,317
4201,מג'דל שמס,"11,180",169,164,179,153,173,175,194,176,179,197,201,184,206,198,230,193,212,174,218,200,186,165,155,205,174,164,190,177,143,174,145,124,137,122,146,140,161,152,154,149,209,167,172,212,185,154,195,189,198,176,152,126,121,111,136,118,119,90,83,104,84,93,89,48,49,63,72,36,77,52,66,59,71,29,41,296
481,מגאר,"22,957",418,449,386,411,381,382,388,410,394,405,433,371,404,374,382,401,423,434,466,454,388,446,445,421,439,489,414,470,424,419,404,359,357,343,329,348,337,307,317,309,304,330,301,301,281,247,278,279,264,247,246,243,218,208,261,242,224,203,191,164,152,139,144,129,140,107,114,81,109,103,45,69,59,69,54,482
65,מגדל,"1,952",37,42,32,48,29,39,25,25,29,30,27,51,37,29,37,29,20,30,19,31,23,34,27,23,33,25,29,20,17,28,31,26,23,20,14,28,25,23,18,21,21,23,29,16,27,10,21,16,15,26,26,30,13,28,22,23,26,26,21,35,22,36,35,31,17,20,21,19,18,14,14,11,9,13,5,83
28,מזכרת בתיה,"14,837",206,229,220,268,291,297,311,325,343,356,350,321,309,306,279,292,291,260,260,213,228,213,181,192,159,152,147,112,142,121,127,109,127,134,138,156,186,216,192,215,227,231,228,244,263,248,257,259,230,246,208,195,164,166,155,146,149,141,116,116,121,106,144,115,110,91,110,100,115,85,85,96,94,67,64,372
517,מזרעה,"3,929",77,89,81,76,79,60,44,46,66,48,49,50,63,42,63,38,77,69,62,59,69,68,54,65,81,78,94,90,110,91,74,70,68,49,60,52,57,40,48,42,35,31,33,38,33,43,46,40,48,48,39,42,39,39,55,48,53,48,48,62,46,29,42,38,34,28,35,20,15,13,13,7,9,10,10,110
43,מטולה,"1,615",29,16,23,15,14,13,13,18,17,12,19,17,18,19,25,21,18,17,21,17,14,16,24,26,25,47,44,52,44,46,40,28,35,18,24,23,16,25,18,19,6,15,13,14,17,27,17,19,16,8,18,18,12,24,12,12,15,24,13,24,16,25,22,18,23,19,17,23,15,16,16,14,11,13,11,81
1268,מיתר,"9,418",129,134,155,165,177,193,208,218,234,213,237,212,205,171,190,172,155,138,136,142,165,139,137,124,113,112,82,86,101,80,76,73,92,98,118,116,135,129,119,157,145,114,129,142,148,130,141,140,142,140,110,110,100,110,103,91,85,79,66,81,76,76,83,77,83,78,80,76,70,53,55,54,62,41,38,274
4203,מסעדה,"3,714",55,62,49,60,71,73,67,81,72,65,90,69,74,84,68,78,77,55,58,66,66,57,60,57,59,53,38,46,43,41,51,44,56,49,56,53,35,45,49,62,64,60,73,63,61,50,74,54,56,51,38,41,34,32,29,29,39,34,25,36,20,25,22,22,28,23,17,15,16,16,19,8,25,11,18,89
518,מעיליא,"3,244",34,47,53,39,39,49,47,39,35,44,38,50,48,50,42,50,56,55,58,48,47,44,38,52,30,43,50,35,53,42,58,28,42,42,26,37,38,42,41,44,41,40,49,53,39,43,49,42,48,55,53,35,35,33,29,49,29,24,37,32,32,31,29,20,21,31,28,24,19,30,17,17,17,25,27,307
3608,מעלה אפרים,"1,260",27,31,29,30,30,33,28,31,34,23,19,22,26,20,12,11,12,5,9,44,45,26,26,20,16,18,14,21,22,15,21,18,20,16,19,20,18,14,9,13,12,7,4,6,15,5,6,11,4,12,7,10,15,8,13,13,12,16,12,14,8,14,9,9,8,14,11,12,17,16,8,10,7,9,9,32
1327,מעלה עירון,"15,065",295,288,315,268,276,277,279,307,274,282,305,285,289,311,282,342,342,355,366,350,344,325,329,320,281,285,255,240,223,251,212,209,157,164,152,163,172,155,164,174,173,181,187,203,194,194,178,180,162,153,170,148,147,162,158,159,167,101,113,104,91,85,85,83,80,73,77,58,54,55,34,46,34,32,36,246
99,מצפה רמון,"5,211",122,116,94,108,85,98,90,88,91,83,75,92,75,83,79,112,108,116,107,119,112,107,147,133,115,100,93,85,87,100,79,72,65,57,77,61,68,47,52,63,55,60,60,55,45,52,41,38,47,50,37,41,43,44,47,38,40,41,28,33,37,35,42,47,36,42,24,33,40,28,24,24,25,25,15,179
520,משהד,"8,373",183,166,182,188,202,198,172,180,169,182,157,152,161,175,156,153,196,159,178,177,186,143,166,170,142,181,151,163,164,138,126,125,121,131,103,114,104,99,109,87,97,91,112,80,70,90,85,80,84,74,72,74,72,73,69,61,69,53,53,54,54,54,53,41,42,43,31,21,29,36,22,19,21,20,21,146
522,נחף,"13,113",310,267,313,272,264,247,280,294,243,260,258,248,284,312,277,296,298,321,300,315,257,251,229,243,226,228,225,227,277,224,200,168,195,145,195,151,148,171,150,153,167,146,168,159,161,161,129,121,133,153,138,115,125,116,108,108,91,85,70,83,66,69,67,50,56,51,41,49,47,28,26,18,17,33,29,207
525,סאג'ור,"4,270",82,75,66,66,64,68,56,72,79,83,66,82,74,60,86,79,86,76,92,94,76,72,77,90,85,80,98,94,98,76,71,63,56,60,61,55,70,75,73,68,73,71,65,51,49,74,59,58,44,46,44,41,41,41,36,33,23,27,31,28,27,33,17,25,16,19,19,14,18,15,9,17,10,8,7,75
587,סביון*,"4,036",39,36,39,36,47,52,70,62,62,62,71,73,78,89,62,86,72,78,88,61,70,66,80,51,52,60,47,35,29,19,24,28,22,15,24,21,21,32,23,26,44,47,42,54,47,52,60,57,74,71,59,54,47,59,49,49,51,54,52,45,56,52,55,34,45,31,36,47,49,34,36,48,44,34,41,324
4501,ע'ג'ר,"2,659",61,42,46,53,56,64,68,59,50,54,55,49,61,57,54,57,59,52,62,47,48,45,45,40,58,55,44,53,42,43,31,40,40,49,39,52,39,56,40,37,42,38,42,34,35,26,29,25,28,24,21,26,18,11,17,14,17,19,11,20,11,13,12,9,12,8,7,5,12,8,8,..,9,..,6,29
666,עומר,"7,530",75,67,76,102,101,108,110,131,117,143,151,136,163,135,150,132,128,134,109,119,115,110,119,87,79,79,71,69,65,56,52,41,57,52,62,59,57,60,63,88,96,100,109,103,108,126,106,117,114,106,80,89,75,82,78,75,62,78,56,71,72,73,72,80,69,71,93,78,95,97,94,85,116,116,67,594
530,עיילבון,"5,752",94,105,69,100,98,104,116,100,102,84,94,84,92,85,94,97,83,108,106,111,91,86,93,90,94,89,88,90,102,91,101,75,87,78,76,82,92,80,74,93,85,81,93,65,69,66,67,60,62,72,65,62,63,63,56,64,50,58,51,73,55,51,42,42,56,48,35,25,30,47,25,28,27,34,24,185
511,עילוט,"8,356",190,198,207,181,174,177,179,165,158,184,169,186,170,164,169,178,182,193,187,165,143,169,170,164,183,175,162,152,142,128,138,120,102,101,100,104,94,99,81,95,107,99,86,104,101,124,95,86,104,92,83,67,74,69,81,58,70,62,61,41,38,43,25,31,47,20,36,14,26,25,9,18,15,16,15,114
532,עין מאהל,"13,335",268,282,244,258,224,252,284,249,261,243,245,234,217,248,240,268,291,305,360,339,308,275,217,269,230,237,268,211,221,246,213,193,179,154,146,170,143,137,119,129,147,163,181,171,142,159,167,151,171,154,152,148,138,134,123,145,124,114,117,91,110,83,80,74,84,60,67,54,42,48,34,38,20,34,30,207
4502,עין קנייא,"2,098",35,33,29,34,37,34,35,39,44,34,46,52,35,42,31,41,36,45,38,42,23,36,31,32,41,28,29,30,46,24,30,32,28,27,25,33,28,26,27,24,39,32,28,33,40,35,28,35,31,20,26,26,19,22,19,21,18,18,19,18,10,19,13,9,14,12,8,11,8,16,13,8,6,7,4,52
3660,עמנואל,"3,906",157,167,158,157,160,138,127,93,104,109,97,102,93,89,73,59,61,51,55,61,62,51,77,81,76,74,56,64,70,56,50,60,46,46,36,35,31,40,34,29,27,16,28,32,20,38,21,18,21,20,18,13,19,20,14,27,18,20,29,26,27,31,29,20,18,8,13,18,19,11,8,11,8,10,4,42
534,עספיא,"12,503",173,222,174,203,186,202,183,146,212,196,224,187,185,233,187,203,214,196,236,208,215,189,197,185,190,204,183,198,177,182,194,191,211,191,191,195,173,165,164,166,181,181,193,188,175,185,196,165,164,158,133,148,123,143,134,146,140,120,126,118,119,125,85,118,101,81,91,85,96,76,60,56,56,52,52,397
637,ערערה,"25,245",450,515,445,428,444,451,447,537,540,510,470,550,524,491,521,541,584,589,557,560,486,483,465,414,431,389,417,392,379,408,356,345,300,289,275,327,280,325,288,309,303,262,331,328,346,315,327,300,311,301,270,267,249,267,239,222,236,190,203,213,181,142,125,119,128,132,132,99,97,98,94,60,73,115,82,574
1192,ערערה-בנגב,"18,332",686,658,597,586,550,560,528,611,544,572,501,479,509,474,453,489,507,477,415,413,448,418,361,399,312,320,309,304,266,235,224,225,195,199,164,176,192,171,161,133,146,158,127,131,136,134,154,125,111,100,111,80,74,67,62,53,51,48,54,60,40,38,41,37,44,24,32,28,27,25,16,19,11,23,17,102
537,פוריידיס,"13,247",244,256,316,278,306,247,218,259,232,272,260,284,268,244,254,241,257,267,274,311,241,233,225,224,194,226,234,236,224,179,208,206,172,190,209,194,175,167,153,154,180,161,178,191,169,159,153,157,124,143,145,134,130,122,104,127,115,118,122,98,104,89,87,78,68,59,52,54,47,48,25,35,31,44,31,233
535,פסוטה,"3,172",34,64,48,59,54,50,52,32,42,37,43,41,47,49,34,38,44,45,57,51,36,54,58,27,47,59,57,54,65,47,62,43,36,43,54,33,36,39,49,60,44,48,41,43,39,50,49,45,40,31,44,37,44,35,41,27,38,40,29,38,31,27,38,26,32,25,20,28,24,22,18,16,17,16,17,134
536,פקיעין (בוקייעה),"5,893",82,84,118,112,94,78,82,101,88,98,74,85,94,83,79,107,108,96,101,94,101,79,93,86,112,121,120,102,108,93,96,98,83,84,91,94,70,85,76,85,80,81,64,84,70,94,59,82,63,54,71,72,57,65,71,67,65,68,55,77,65,48,44,51,42,38,46,34,41,31,26,27,24,19,23,201
7800,פרדס חנה-כרכור,"43,011",667,795,846,834,873,914,878,872,866,883,913,774,778,772,674,652,598,540,530,515,496,544,497,464,409,402,428,401,395,424,433,449,485,528,582,616,634,630,613,643,645,664,736,718,717,686,587,640,611,583,523,546,424,440,422,391,372,377,405,421,395,382,345,405,390,382,365,339,307,341,303,290,318,265,227,"1,801"
171,פרדסייה,"5,930",97,76,93,81,81,81,90,78,83,92,93,88,92,83,94,80,76,83,73,78,88,90,109,90,102,99,90,84,87,79,68,82,70,61,56,48,69,69,69,59,84,66,69,84,91,68,76,80,71,61,54,62,75,83,65,100,61,68,83,96,81,89,102,70,89,74,85,85,63,84,38,45,40,46,29,154
3557,קדומים,"4,544",107,136,117,134,106,140,131,133,124,144,122,125,122,110,123,99,80,61,65,70,60,61,67,58,59,59,45,65,41,49,56,51,51,56,56,56,50,47,57,69,58,53,49,48,38,30,46,40,43,33,32,29,21,23,16,20,24,17,22,20,35,31,23,33,24,26,43,29,33,35,35,27,30,16,13,85
195,קדימה-צורן,"22,683",266,374,346,378,395,417,406,440,442,462,453,469,455,412,439,375,436,401,378,349,387,379,337,373,282,264,246,240,232,173,190,181,182,217,210,249,268,244,283,271,297,299,335,407,344,366,345,356,380,364,321,338,314,327,319,314,269,326,263,247,257,198,193,167,154,158,145,126,145,123,111,103,129,92,71,681
4100,קצרין,"7,297",95,105,114,104,120,129,114,135,144,119,118,113,134,119,107,79,93,83,89,116,97,105,103,120,133,82,85,94,83,82,89,83,92,83,81,82,63,87,92,83,85,76,77,84,100,94,93,84,87,96,87,85,84,74,65,85,91,89,76,85,94,85,86,81,86,89,82,103,72,72,69,57,66,67,44,401
3611,קריית ארבע,"7,326",219,202,222,167,176,177,189,181,174,181,190,160,130,150,130,140,147,175,141,126,137,126,130,129,140,135,101,109,99,110,89,76,88,83,93,76,55,77,70,73,85,56,72,82,61,53,62,45,42,52,47,35,38,32,47,41,44,50,37,50,58,60,66,51,54,53,46,39,35,43,37,29,47,27,30,253
2300,קריית טבעון,"18,130",165,220,172,198,277,200,277,259,276,286,289,293,285,280,264,294,290,291,252,278,241,246,239,207,208,192,177,167,189,151,164,144,155,156,182,185,189,189,196,205,232,251,245,235,251,256,228,257,257,258,227,239,220,211,247,218,192,187,170,213,212,184,212,177,202,208,210,230,214,241,209,185,219,196,174,"1,538"
1137,קריית יערים,"6,128",258,270,243,223,215,209,170,169,158,155,157,139,139,148,146,114,130,95,104,138,124,108,117,105,127,137,125,96,108,106,111,92,88,88,73,74,66,58,68,50,37,30,34,31,22,27,24,27,19,27,26,22,21,27,25,27,22,18,29,31,32,21,20,12,21,18,19,16,10,19,12,8,11,12,..,63
469,קריית עקרון,"11,001",195,211,193,196,194,197,193,171,177,160,155,159,122,158,153,141,141,137,137,145,146,173,167,165,173,172,171,159,162,173,155,154,146,143,156,139,134,135,126,126,136,125,125,125,111,117,124,114,116,147,125,119,119,144,103,149,142,119,107,133,135,110,105,134,133,107,139,101,118,106,91,60,67,76,54,554
3640,קרני שומרון,"8,135",210,236,236,205,204,223,180,181,186,168,135,161,120,148,148,136,121,112,100,158,140,181,162,161,126,94,115,105,135,140,113,129,147,130,126,126,108,103,95,72,81,77,72,67,64,64,50,54,55,55,37,51,49,65,54,57,55,64,80,68,86,77,82,63,80,67,63,61,48,59,40,45,36,36,23,183
543,ראמה,"7,728",112,122,117,127,127,118,113,132,115,114,110,104,115,100,110,122,142,127,137,133,129,120,140,134,112,149,143,138,131,135,133,113,108,102,94,110,73,93,88,98,97,119,98,104,96,88,97,100,79,100,78,84,93,97,91,103,84,78,80,61,78,79,53,52,63,61,54,59,67,52,31,55,36,50,43,329
26,ראש פינה,"3,148",49,54,51,48,53,51,56,48,58,39,50,63,56,41,54,36,46,41,43,42,47,41,52,42,43,33,38,40,45,49,52,26,35,37,27,35,36,29,28,37,35,36,35,31,39,42,49,36,40,43,34,29,39,44,33,41,44,23,43,30,34,28,29,39,35,28,49,36,40,48,38,33,41,31,15,131
542,ריינה,"19,001",317,375,361,362,372,336,319,350,375,376,367,325,338,335,358,349,405,405,405,431,384,414,338,381,314,335,375,341,344,318,276,284,259,213,204,205,227,220,190,197,241,224,230,229,219,224,242,220,206,205,189,222,184,213,198,177,201,176,167,175,155,139,151,123,120,109,109,93,86,66,51,41,63,46,56,372
922,רכסים,"12,668",494,472,463,432,421,419,388,368,345,341,296,288,266,301,270,269,254,261,282,263,263,225,234,186,203,184,208,194,218,184,185,162,145,140,138,143,125,110,99,83,101,109,88,107,84,80,88,79,75,68,87,69,67,52,66,65,58,68,55,56,68,49,62,65,51,44,43,48,51,37,30,22,24,30,24,183
122,רמת ישי,"7,785",118,103,128,122,144,116,138,121,126,110,122,153,134,124,142,105,130,126,113,121,103,118,108,114,119,84,97,72,88,103,70,64,69,89,114,90,100,107,93,89,90,118,90,111,111,105,100,101,104,101,110,96,81,82,67,64,76,83,81,95,101,106,96,105,103,90,89,90,96,89,84,84,67,67,38,228
913,שבלי - אום אל-גנם,"6,053",107,122,139,121,116,115,108,128,148,135,133,139,116,129,123,127,147,134,145,133,121,104,111,92,111,94,79,83,79,89,72,81,68,62,70,67,67,69,65,73,83,68,75,84,81,80,76,73,73,66,70,67,71,48,65,57,60,47,36,46,42,32,26,34,26,34,22,25,37,24,14,13,20,9,15,130
1286,שגב-שלום,"10,936",384,397,375,345,348,320,317,317,290,286,283,296,273,262,309,277,287,293,276,255,240,256,214,234,202,206,162,156,144,159,144,130,103,98,122,93,96,92,104,101,111,83,94,109,83,94,93,68,71,75,55,64,33,51,51,46,40,45,45,32,24,31,33,42,28,19,17,17,14,15,..,6,17,7,17,60
1304,שוהם,"21,045",219,206,208,225,239,265,293,298,293,347,367,350,410,430,458,478,456,493,487,437,457,475,434,413,371,357,314,260,224,198,177,143,148,130,156,148,141,167,173,150,173,193,205,266,289,317,350,375,391,410,395,382,353,367,368,381,333,329,303,308,287,249,184,173,173,131,123,128,108,106,85,82,90,84,50,513
812,שלומי,"6,511",102,101,101,106,99,104,108,98,114,107,120,136,96,107,95,110,96,99,108,96,83,95,77,96,78,77,69,92,92,81,91,57,76,66,74,76,73,78,77,87,98,74,81,119,72,121,91,120,80,71,84,88,69,73,76,76,69,82,73,68,94,65,72,74,74,62,49,66,41,51,42,39,31,40,20,307
538,שעב,"7,061",146,148,123,132,143,145,149,153,144,123,117,117,110,117,130,152,158,139,146,160,127,142,148,130,143,118,124,132,155,136,125,93,98,92,76,88,69,97,85,70,76,86,77,94,108,95,87,73,76,92,68,86,79,92,79,75,61,71,56,52,41,38,28,25,24,28,31,16,33,22,9,20,21,16,12,119
154,תל מונד,"13,144",169,134,172,195,210,223,240,232,250,258,275,261,293,282,259,283,278,265,254,265,265,220,204,226,166,154,143,115,102,102,98,94,95,109,104,143,121,128,138,151,123,153,207,206,221,216,242,225,267,242,233,250,217,196,178,172,144,121,154,122,103,88,87,117,107,94,91,82,93,92,61,64,60,50,43,347
1054,תל שבע,"20,808",734,736,723,673,671,641,626,643,583,590,592,563,538,537,550,555,606,559,544,506,494,440,407,391,326,376,340,290,289,279,276,237,229,190,206,186,200,213,166,165,167,160,161,170,151,156,129,128,160,119,117,92,93,85,85,80,65,69,64,70,47,48,46,50,35,38,27,34,29,32,24,24,32,20,16,121
